Avanton,
Avarikioti,
Avdiron,
Averof,
Avias,
Avlichou,
Avramiotou,
Avrantinou,
Athanasias,
Agatharchou,
Agathimerou,
Agathiou,
Agathodaimonos,
Agathokleous,
Agorakritou,
Agathoupoleos,
Agathonos,
Agalianou,
Agamemnonos,
Aganippis,
Agapinoros,
Agapinou,
Agaristis,
Angeli,
Angelidou,
Angelikara,
Angistis,
Agelaou,
Aginoros,
Agisandrou,
Agisilaou,
Agidos,
Agkylis,
Agkyras,
Aglaonikis,
Aglaofontos,
Aglavridon,
Aglavrou,
Agnanton,
Agonaridou,
Agraion,
Agras,
Agrafon,
Agriniou,
Anchialou,
Anchisou,
Adanon,
Admitou,
Adrastou,
Adrianeiou,
Adrianou,
Adrianoupoleos,
Adonidos,
Aeropis,
Aeroporon,
Aetiou,
Aetionos,
Aetorrachis,
Aeton,
Aidonon,
Athamanias,
Athamantos,
Athanasaki,
Athanaton,
Athinagorou,
Athinaidos,
Athinaiou,
Athinas,
Athinodorou,
Aiakou,
Aiantos,
Aigaiou,
Aigaleo,
Aigeiras,
Aigeos,
Aigiidon,
Aigialeias,
Aiginis,
Aigiou,
Aigisthou,
Aiglis,
Aigosthenon,
Aigyptou,
Aidesiou,
Aithalidou,
Aithalidon,
Aitherias,
Aitheros,
Aithras,
Ailianou,
Aimonos,
Aimou,
Aineiou,
Ainianos,
Ainou,
Aixoneon,
Aioleon,
Aiolidos,
Aiolou,
Aischylou,
Aisonos,
Aisopou,
Aitolias,
Etolikou,
Alexandroupoleos,
Alexinou,
Akadimias,
Akadimou,
Akakiou,
Akamantos,
Akarnanias,
Akarnanos,
Akastou,
Akominatou,
Akragantos,
Akratas,
Akrothoon,
Akrolamias,
Akronos,
Akrotiriou,
Aktaiou,
Aktiou,
Alamanas,
Alastoros,
Alektoros,
Alexandreias,
Alexiou,
Alitheias,
Aliakmonos,
Aliartou,
Aliveriou,
Alikarnassou,
Alimousion,
Aliberti,
Alistratis,
Alitsis,
Alkaiou,
Alkamenous,
Alkis,
Alkistidos,
Alkidamantos,
Alkimou,
Alkinois,
Alkinoou,
Alkifronos,
Alkmanos,
Alkminis,
Alkyoneos,
Alkyonis,
Almeida,
Almyrou,
Alopis,
Alteos,
Alfeiou,
Alfeionias,
Amazonon,
Amaltheias,
Amaseias,
Amasiou,
Amvrakias,
Ameiniou,
Ameinokleous,
Ameipsiou,
Ameriou,
Amitoros,
Ammouda,
Amorgou,
Ampati,
Ampatielou,
Amplianis,
Amykis,
Amynandrou,
Amynta,
Amfiaraou,
Amfikleias,
Amfikratous,
Amfiktyonos,
Amfilochias,
Amfissis,
Amfitritis,
Amfionos,
Anagnostara,
Anagnostoy,
Anakreontos,
Ananiou,
Anaxagora,
Anaxandrou,
Anaxarchou,
Anaximandrou,
Anatoliou,
Anafis,
Anacharsidos,
Andraimonos,
Andreadou,
Andreopoulou,
Androkleous,
Andromachis,
Andronikou,
Androu,
Anexartisias,
Antheias,
Apellou,
Aretaiou,
Antheon,
Anthidonos,
Anthiou,
Anthippou,
Antaiou,
Antersen,
Antigonis,
Antimachidou,
Antimachou,
Antiocheias,
Antiparou,
Antisthenous,
Antissis,
Antistratou,
Antifilou,
Antifontos,
Anymedontos,
Anomeras,
Axiou,
Apeiranthou,
Apokafkon,
Apolloniou,
Apollonos,
Apollodorou,
Apostolopoulou,
Appianou,
Arakynthou,
Aratou,
Arachthou,
Arachnaiou,
Arachovis,
Arvali,
Argenti,
Arginouson,
Argolidos,
Argonafton,
Argostoliou,
Argous,
Argyriou,
Argyrokastrou,
Argyropoulou,
Argyroupoleos,
Ardittou,
Aretousas,
Areos,
Aritis,
Ariadnis,
Arianitou,
Ariovarzanou,
Aristagora,
Aristaiou,
Aristarchou,
Aristeidou,
Aristippou,
Aristovoulou,
Aristogeitonos,
Aristodimou,
Aristomenous,
Aristonikou,
Aristoxenou,
Aristotelous,
Aristofanous,
Aristofronos,
Aristofontos,
Aristonos,
Arifronos,
Arionos,
Arkadias,
Arkados,
Arkadon,
Arkesilaou,
Arkesinis,
Arkoleon,
Arktinou,
Arlioti,
Armodiou,
Armonias,
Arnis,
Aroanion,
Arrianou,
Arsaki,
Artemidos,
Artemisiou,
Artemonos,
Artis,
Artotinis,
Aryvvou,
Archelaou,
Archermou,
Archigenous,
Archilochou,
Archimidous,
Archinou,
Archyta,
Aseas,
Asimakopoulou,
Asklipiou,
Askras,
Aspasias,
Asprogeraka,
Asteropis,
Astingos,
Astrapogiannou,
Astrous,
Astrifou,
Astyanaktos,
Astydamantos,
Astypalaias,
Asopiou,
Atalantis,
Atlantos,
Atreidon,
Atreos,
Atrinis,
Attaleias,
Attalou,
Vatheos,
Vathykleous,
Avgerinou,
Avliton,
Avlidos,
Avlonos,
Aftomedontos,
Afaias,
Afentouli,
Afidnaion,
Afroditis,
Achaias,
Achaiou,
Achaion,
Acharnon,
Vakchou,
Vakchylidou,
Valavani,
Valasiou,
Achilleos,
Achniadon,
Achridos,
Apsou,
Aoou,
Valaoritou,
Vallianon,
Valsamonos,
Valtetsiou,
Valtinon,
Valtou,
Varatasi,
Varvaki,
Varvitsioti,
Varvogli,
Vardoulaki,
Vardounioti,
Vardousion,
Varika,
Varnakioti,
Varnountos,
Vasila,
Vasiladiou,
Vasilis,
Vasilikis,
Vasilikon,
Vassani,
Veroias,
Versi,
Vatatzi,
Vatopediou,
Vatsaxi,
Vafeiochoriou,
Veaki,
Vevekiou,
Vegoritidos,
Veikou,
Velvendou,
Velestinou,
Velissariou,
Veller,
Vellerefontou,
Veranzerou,
Vervainon,
Vergas,
Vergovitsis,
Verenikis,
Vernardaki,
Vetrinas,
Vilara,
Vissarionos,
Viantos,
Viglas,
Vienna,
Vizyinou,
Vizyis,
Vithynias,
Vikela,
Vitaliotou,
Vionos,
Vlavianou,
Vlanti,
Vlasi,
Vlassopoulou,
Vlachaki,
Vlachernon,
Vlachothanasi,
Vlachopoulou,
Vlachoraftiou,
Voiotias,
Volvis,
Volissou,
Voltairou,
Voreou,
Vosporou,
Voukourestiou,
Voulis,
Vourvachi,
Vourdoumpa,
Voutadon,
Voutie,
Voutieridou,
Voutsina,
Voutyra,
Vrana,
Vrasida,
Vrastovou,
Vrachoriou,
Vrilissou,
Vrisiidos,
Vroutou,
Vryantos,
Vryaxidos,
Vryzaki,
Vrysakiou,
Vyronos,
Vyssis,
Vytinis,
Vokou,
Vonou,
Gavriilidou,
Ektoros,
Gangras,
Gadilon,
Galaxeidiou,
Galaxia,
Galateias,
Galinou,
Gamveta,
Gargittion,
Gardikiou,
Garivaldi,
Garnofsky,
Gelonos,
Genisarli,
Geraki,
Gerakiou,
Geraneion,
Gerantoni,
Geranon,
Germanikou,
Gerostathi,
Georgiadou,
Giannari,
Giannitson,
Giannopoulou,
Giovanovits,
Gioldasi,
Gkika,
Gkioni,
Gklysti,
Gkoura,
Gkoufie,
Gkyilfordou,
Gladstonos,
Glaraki,
Glafkiou,
Glafkou,
Glafkonos,
Glykonos,
Goviou,
Gorgiou,
Gordiou,
Gortynos,
Gouveli,
Gouda,
Goyemster,
Gouzeli,
Gounaraki,
Gousiou,
Gravias,
Grammou,
Granikou,
Granitsa,
Grevenon,
Grigora,
Grigoroviou,
Grivaion,
Grivogiorgou,
Grimpovou,
Gryllou,
Grypari,
Gytheiou,
Davari,
Daidalidon,
Daidalou,
Daimonogianni,
Dairpfeld,
Diopoleos,
Damagitou,
Damareos,
Damaskiou,
Damvergi,
Dameou,
Damirali,
Damokleous,
Damonos,
Danais,
Danaon,
Dania,
Danili,
Daponte,
Dardanellion,
Dasiou,
Daskalaki,
Daskalogianni,
Dafnidos,
Dafnomili,
Dafnopati,
Deviazi,
Devoli,
Degleri,
Deinarchou,
Dioskouridou,
Deinokratous,
Deinostratou,
Dinocharous,
Dekeleon,
Delvinou,
Deli,
Deligiannaki,
Deligiorgi,
Deloudi,
Delfon,
Demertzi,
Dexamenis,
Dexileo,
Dexippou,
Dervenion,
Derechani,
Derigny,
Destouni,
Defkalionos,
Defner,
Dryadon,
Diliados,
Dilou,
Dimakopoulou,
Dimitras,
Dimitressa,
Dimitriados,
Dimitsanas,
Dimokritou,
Dimosthenous,
Dryinoupoleos,
Dimofontos,
Dimocharous,
Dimonaktos,
Diagora,
Diamanti,
Diamantopoulou,
Didotou,
Didous,
Didymoteichou,
Didymou,
Dikaiarchou,
Dikaiou,
Diogenous,
Diokleous,
Diomeias,
Dionysou,
Dioskouron,
Diofantou,
Diocharous,
Diplari,
Dipylou,
Distomitou,
Distomou,
Dionis,
Doiranis,
Dokou,
Domokou,
Dompoli,
Doxapatri,
Doxara,
Doxatou,
Dordou,
Dorylaiou,
Dositheou,
Dryopidos,
Doumpa,
Douridos,
Dousmani,
Docheiariou,
Dragatsaniou,
Drakontos,
Drakou,
Drakouli,
Dramas,
Drinou,
Drosi,
Drosini,
Dryopon,
Dyaleon,
Dymis,
Dyrou,
Dyrrachiou,
Dodekanisou,
Dodonis,
Dorieon,
Doriza,
Dorou,
Evans,
Everet,
Evrou,
Engeli,
Edessis,
Edisson,
Eirinaiou,
Ekalis,
Ekatis,
Elaionos,
Elasidon,
Elateias,
Eleftheroudaki,
Elefsinion,
Elikonos,
Ellanikou,
Ellinos,
Ellis,
Ellopias,
Elpidos,
Endymionos,
Exikiou,
Epameinonda,
Epigenous,
Epidavrou,
Epikleous,
Epikourou,
Epimenidou,
Epimitheos,
Epifanous,
Zografou,
Epicharmou,
Eptanisou,
Eptachalkou,
Erasinidou,
Erasmias,
Erasmou,
Eratosthenous,
Eratous,
Eratonos,
Ergotimou,
Eretrias,
Erechtheos,
Erivoias,
Erifylis,
Ermagora,
Ermippou,
Ermou,
Ermoupoleos,
Ersis,
Erythraias,
Erimanthou,
Erysichthonos,
Eslin,
Esselingk,
Estias,
Evangelistrias,
Evadnis,
Evalkidou,
Evvoulou,
Evgenidou,
Evdokias,
Evdoxou,
Evinou,
Efthidimou,
Efthymenous,
Efkalypton,
Efkleias,
Efkleous,
Evmenous,
Evmorfopoulou,
Evneidon,
Efpalinou,
Efpatorias,
Efpolidos,
Efpompou,
Evripidou,
Evrydamantos,
Evrykleidou,
Evrynomis,
Evrystheos,
Evropis,
Evrostinis,
Evrota,
Efstathiou,
Eftaxiou,
Eftychias,
Eftychidou,
Efforionos,
Effranoros,
Effrosynis,
Efesou,
Eftalioti,
Efyras,
Echelidon,
Zagoras,
Zagreos,
Zaimi,
Zakou,
Zakyadon,
Zalefkou,
Zalongou,
Zalokosta,
Zappa,
Zarifi,
Zarkou,
Zyrnovou,
Zafeiropoulou,
Zacharitsa,
Zacharof,
Zachia,
Zervoudaki,
Zerlenti,
Zefxidos,
Zilimonos,
Zilon,
Zinodotou,
Zinodorou,
Zinopoulou,
Zinonos,
Zisimopoulou,
Zisiou,
Zitrou,
Zichnis,
Zolioti,
Zolota,
Zormpa,
Zygomala,
Zygouri,
Zymprakaki,
Zonara,
Zosimadon,
Zosimou,
Zotou,
Ivis,
Igisandrou,
Igiou,
Igoumenitsis,
Ilektras,
Ilidos,
Iliodorou,
Iliopoulou,
Iliou,
Ilioupoleos,
Ious,
Ipeirou,
Ipitou,
Iraion,
Theanous,
Irakleidon,
Irakleiou,
Irakleitou,
Irakleous,
Iras,
Iridanou,
Irodotou,
Irous,
Irofilis,
Irofilou,
Ironda,
Ironos,
Isiodou,
Isionis,
Ifaistou,
Thalou,
Tharypou,
Thasou,
Thavmantos,
Theagenous,
Theatrou,
Theirsiou,
Themeli,
Themidos,
Themiskyras,
Themistokleous,
Theognidos,
Theokritou,
Theopompou,
Theotokopoulou,
Theofanous,
Theofila,
Theofilopoulou,
Theofilou,
Theofrastou,
Therapeion,
Therisou,
Thermopylon,
Therrikleidon,
Thespidos,
Thespieon,
Thesproteos,
Thesprotias,
Thessalias,
Ierosolymon,
Thessalonikis,
Thessalou,
Thetidos,
Theonos,
Theorias,
Thivon,
Thinaias,
Thiramenous,
Thiras,
Thironos,
Thiseiou,
Thiseos,
Thisvis,
Tholou,
Thorikion,
Thoukydidou,
Thrakis,
Thrasyvoulou,
Thrasyllou,
Thrasymachou,
Thrasonos,
Thriasion,
Thrion,
Thyamidos,
Thymvriou,
Thymocharous,
Ierofanton,
Kleonis,
Thyssou,
Thomaidou,
Thomopoulou,
Iakchou,
Iakovaton,
Iakovidou,
Ialemou,
Iamvis,
Iapetou,
Iasiou,
Iasonos,
Iviron,
Ivykou,
Inglesi,
Ida,
Idis,
Idomeneos,
Ierotheou,
Karditsis,
Ieronos,
Ithakis,
Ithomis,
Ikarias,
Ikarieon,
Ikarou,
Ikoniou,
Iktinou,
Iliados,
Ilision,
Illyrias,
Imvrou,
Imeraiou,
Inous,
Iokastis,
Iolaou,
Iolis,
Iou,
Ioulianou,
Ioustinianou,
Iofontos,
Ipparchou,
Ippodamou,
Ippothontidon,
Ippokratous,
Ippolytou,
Ippomedontos,
Ipponikou,
Ipponaktos,
Iridos,
Isagorou,
Isaiou,
Isavridi,
Isavron,
Isminis,
Isokratous,
Istrias,
Istrou,
Iteas,
Ifigeneias,
Ifikratous,
Ionidon,
Ionon,
Kavasila,
Kavelari,
Kadmeias,
Kazazi,
Kazantzi,
Kaisareias,
Kaklamanou,
Kalavryton,
Kalama,
Kalamara,
Kalamida,
Kalamiotou,
Kalamon,
Kalavrias,
Kalinovou,
Kalippou,
Kalkon,
Kallaischrou,
Mantzarou,
Kallisperi,
Kallikratidou,
Kallikratous,
Kallinikou,
Kallipoleos,
Kallirrois,
Kallistis,
Kallifrona,
Kallonis,
Kalogrioni,
Kalosgourou,
Kaltezon,
Kalydonos,
Kalypsous,
Kamariotou,
Kamvounion,
Kampani,
Kampysi,
Kanari,
Kandanou,
Kantouni,
Kapidaki,
Kaplanon,
Kapnikareas,
Kapodistriou,
Kappadokias,
Karatheodori,
Karaiskaki,
Karamanlaki,
Karapanagiotou,
Karatza,
Karachristou,
Karrer,
Karthaiou,
Karytainis,
Karkavitsa,
Karneadou,
Karolou,
Karpathou,
Karpou,
Kartali,
Karyatidon,
Karydi,
Karyofylli,
Karyon,
Kasnesi,
Kasou,
Kassaveti,
Kassianis,
Kastalias,
Kastelliou,
Kastorias,
Katartzi,
Katerinis,
Katechaki,
Katrami,
Katsantoni,
Katsikogianni,
Kafkasou,
Kaftantzoglou,
Kapsali,
Keas,
Kevitos,
Kedrinou,
Keiriadon,
Kekropos,
Kelainous,
Keleou,
Polyfimou,
Kelsou,
Kerameikou,
Kerameon,
Kerasountos,
Keratsiniou,
Kerkinis,
Kerkyras,
Kefallinias,
Kipon,
Kirykeiou,
Kifeos,
Kifisodotou,
Kleomenous,
Kleomidous,
Klepsydras,
Kiafas,
Kithaironos,
Kilikias,
Kilkis,
Kimolou,
Kimonos,
Kiou,
Kirras,
Kissamou,
Kitiou,
Klada,
Kladou,
Klazomenon,
Klapadou,
Kleanthous,
Kleidimou,
Kleious,
Kleisthenous,
Kleisovis,
Kleisouras,
Kleisofou,
Kleitiou,
Kleitomachou,
Klemanso,
Kleovidos,
Kleovoulou,
Kleomvrotou,
Kleonon,
Klimentos,
Klymenis,
Klytias,
Knidou,
Knosou,
Kodratou,
Kodrigktonos,
Kodrou,
Kozanis,
Koilis,
Kokkerel,
Kokkinaki,
Kokkini,
Kolokasi,
Kolokotroni,
Kolokynthous,
Kolofonos,
Kolchidos,
Kolonou,
Komanou,
Komanon,
Menestheos,
Komninon,
Komotinis,
Kondaki,
Kondylaki,
Koniari,
Konitsis,
Konopisopoulou,
Kontogiannaion,
Kontogiannaki,
Kontoglou,
Kontogoni,
Kontoskaliou,
Kononos,
Korai,
Korgialeniou,
Korthiou,
Korinis,
Korinthias,
Korinthou,
Kornarou,
Koroivou,
Korydalleos,
Koryzi,
Korytsas,
Mentoros,
Koronis,
Koropiou,
Kossou,
Kotsika,
Kotyaiou,
Kotylaiou,
Kougkiou,
Kouzi,
Koukoulari,
Kouma,
Koumanoudi,
Koumarianou,
Koumoundourou,
Koumpari,
Koundourou,
Konemenou,
Kountouriotou,
Kourma,
Kourmouli,
Kousianofsky,
Koutoula,
Koutsafta,
Koutsia,
Koutsikari,
Koutsonika,
Kranaou,
Krassa,
Kratitos,
Kratinou,
Kratylou,
Kremou,
Kreontos,
Kreousis,
Kresnas,
Krestainon,
Krinis,
Krisila,
Kritis,
Kriton,
Kriari,
Kriezi,
Kriezotou,
Krimaias,
Krinagorou,
Kymis,
Kinegirou,
Krissis,
Kritiou,
Kritovoulidou,
Kritolaou,
Kritonos,
Krokeon,
Krokida,
Kronou,
Krotonos,
Krouaze,
Krousiou,
Krousovou,
Krystalli,
Kromnis,
Kropias,
Ktena,
Ktisiviou,
Ktisiou,
Ktisifontos,
Kyvelis,
Kydathinaion,
Kydantidon,
Kydonion,
Kyzikou,
Kythiron,
Kythnou,
Kykladon,
Kyklopon,
Kymaion,
Kynetou,
Kyniskas,
Kinoyrias,
Kyprou,
Kyrineias,
Kyrristou,
Kypselis,
Koletti,
Leontiou,
Lagkada,
Lazaion,
Lakratous,
Lakonias,
Lamias,
Lampeti,
Lamprinis,
Lampsakou,
Lantsa,
Laodamantos,
Larisis,
Larnakos,
Larymnis,
Lasithiou,
Laskareos,
Laskari,
Laskaridou,
Laspa,
Latri,
Lachana,
Lachitos,
Lachouri,
Leandrou,
Leventi,
Levidi,
Levidiou,
Leivada,
Lekka,
Lempesi,
Lenorman,
Menonos,
Lerou,
Leroua,
Lesvou,
Lefkippou,
Lefkotheas,
Lefkosias,
Lefevr,
Leokoriou,
Leonidou,
Leocharous,
Lidas,
Lithis,
Liakataion,
Liakou,
Livini,
Limpona,
Lindou,
Liosion,
Longinou,
Lokridos,
Lontou,
Mantzavelaki,
Loukianou,
Loukopoulou,
Loutzi,
Lydias,
Lykaiou,
Lykaonias,
Lykias,
Lykomidon,
Lykourgou,
Lykofronos,
Lykonos,
Lisandrou,
Lysikratous,
Lysimachias,
Lysimachou,
Lysippou,
Mantzakou,
Mangina,
Mager,
Magnisias,
Madaron,
Madouris,
Madytou,
Maiandrou,
Maiandroupoleos,
Maizonos,
Menemenis,
Maiotidos,
Makedonias,
Makedonon,
Makri,
Makris,
Makrochoriou,
Makrygianni,
Makryneias,
Makrynitsas,
Malakasi,
Malamou,
Malaxou,
Malea,
Mamai,
Mamouri,
Mandrokleous,
Manesi,
Manis,
Maniakiou,
Manitaki,
Manousogianni,
Mantzouraki,
Mantineias,
Mantouvalou,
Manoliasas,
Maouer,
Marathonomachon,
Marathonos,
Marasli,
Margariti,
Marioupoleos,
Markoni,
Markopoulioti,
Markora,
Marmara,
Marni,
Martelaou,
Martzoki,
Martinegkou,
Maroneias,
Massalias,
Mileon,
Mastracha,
Matrozou,
Mavrikiou,
Mavrovouniotou,
Mavrokordatou,
Mavromichali,
Mavrommataion,
Mavrommati,
Megakleous,
Megalopoleos,
Megaron,
Megasthenous,
Megistis,
Methanon,
Methonis,
Meintani,
Melampodos,
Melandryou,
Melanthiou,
Melantias,
Meleagrou,
Melenikou,
Melidoni,
Melissou,
Melitaion,
Melitis,
Menagia,
Menaichmou,
Menandrou,
Mendis,
Menedimou,
Menekratous,
Menelaou,
Menemachou,
Bele,
Merlin,
Mermigka,
Mermpaka,
Meropis,
Mersinis,
Messapiou,
Mesarias,
Mesimvrias,
Mesogeion,
Mesolongiou,
Messinis,
Messinias,
Metagenous,
Metaneiras,
Meteoron,
Metochiti,
Metron,
Metsovou,
Metonos,
Mideias,
Mithymnis,
Miliaraki,
Milioni,
Milou,
Miniati,
Minodotou,
Mirionou,
Mitrodorou,
Mitromara,
Mitropetrova,
Mitropoleos,
Mitroou,
Mitsaion,
Mitsaki,
Miaouli,
Mithridatou,
Mikromanis,
Mikonos,
Militou,
Miltiadou,
Milonos,
Mimnermou,
Miniak,
Minoos,
Mirtsiefsky,
Misaraliotou,
Mistral,
Mistriotou,
Michalakopoulou,
Michelidaki,
Mnisikleous,
Moisiodakos,
Monastiriou,
Monemvasias,
Moravas,
Moschonision,
Moschopoleos,
Moschopoulou,
Moschou,
Moudrou,
Mourray,
Mourouzi,
Mousaiou,
Moustoxydi,
Mouson,
Bairaktari,
Baknana,
Barmpanou,
Barmpatsi,
Berantzofsky,
Berovou,
Bizaniou,
Biniari,
Birmpili,
Botasi,
Bouaion,
Bouziki,
Boukouvala,
Boumpoulinas,
Bousiou,
Bochali,
Mykinon,
Mykoniou,
Myllerou,
Mylopotamou,
Myrrinousion,
Myron,
Myronidou,
Mystra,
Mysonos,
Moraitini,
Naiadon,
Naxou,
Narkissou,
Narsi,
Naftikou,
Nedas,
Neigy,
Nemeas,
Nemeseos,
Neokleous,
Neofronos,
Neochoriou,
Neroutsou,
Nestoros,
Nevrokopiou,
Nileos,
Nireos,
Nisaias,
Nifakou,
Nikaias,
Nikanoros,
Nikis,
Nikiforidi,
Nikiforou,
Nikiou,
Nikomachou,
Nikomideias,
Nikopoleos,
Nikosthenous,
Nikotsara,
Nirvana,
Nisou,
Norntaou,
Notara,
Ntelakroua,
Ntontouel,
Ntymon,
Nonakridos,
Xanthis,
Xanthippis,
Xanthou,
Xanthoudidou,
Xenarchou,
Xenias,
Xenokratous,
Xenofilou,
Xenofontos,
Xirokrinis,
Xifiou,
Xouthou,
Xynda,
Xyniados,
Odemisiou,
Odissou,
Odysseos,
Othryos,
Othonos,
Oidipodos,
Oinousson,
Oitis,
Oitylou,
Oichalias,
Olvias,
Olofytou,
Olympiados,
Olympias,
Olympiou,
Olympion,
Olympou,
Olynthou,
Olytsika,
Omirou,
Onata,
Oxyrrynchou,
Oreivasiou,
Orestiados,
Orestou,
Oreon,
Orion,
Orlandou,
Orlof,
Orminiou,
Orfanidou,
Polymitou,
Orfeos,
Ossis,
Ostrovou,
Otryneon,
Oumplianis,
Ouranoupoleos,
Ofiountos,
Ochis,
Paganelli,
Pagason,
Pangaiou,
Padova,
Paianieon,
Paianon,
Paioniou,
Polymnias,
Palamidiou,
Palaska,
Palingenesias,
Pallados,
Pallantos,
Pallikaridi,
Pallinaion,
Paloumpioti,
Pamisou,
Pamfilis,
Pamfilou,
Pana,
Panagidi,
Panagiotara,
Panagiotou,
Panagou,
Panathinaikou,
Panathinaion,
Panainou,
Panaitoliou,
Pandionos,
Pandosias,
Pandrosou,
Pandorou,
Panormou,
Panos,
Panoy,
Panourgia,
Panselinou,
Pantazi,
Pantazidou,
Panteichiou,
Pantopoulou,
Paxon,
Papaverkiou,
Papada,
Papadima,
Papadiamanti,
Papadiamantopoulou,
Papazoli,
Papathymiou,
Papakyriakou,
Papandria,
Papanikoli,
Paparseni,
Papastratou,
Papatsoni,
Papatsori,
Papachristoforou,
Papoulia,
Pappou,
Paralou,
Paramythias,
Pargas,
Parthenopis,
Parthenonos,
Parmenidou,
Parnassou,
Parnithos,
Paroriti,
Parou,
Parrasiou,
Pasagianni,
Pasitelous,
Pasionos,
Paster,
Passov,
Patzini,
Perseos,
Patision,
Patili,
Patmou,
Patousa,
Patron,
Patroou,
Pafsaniou,
Pafou,
Persi,
Peston,
Petraki,
Petras,
Peiraios,
Peisistratou,
Pelagonias,
Pelasgon,
Peliou,
Pellinis,
Pellis,
Pelopida,
Pelopos,
Pentagion,
Pentelis,
Perraivou,
Peramou,
Peran,
Pervanoglou,
Pergamou,
Perdika,
Perdikari,
Peresiadou,
Periandrou,
Perikleous,
Persefonis,
Polytechneiou,
Petropoulaki,
Petsovou,
Pileos,
Pilika,
Pilousiou,
Pineiou,
Pierias,
Pikanidi,
Pindou,
Pinotsi,
Pipinou,
Pitanis,
Pitta,
Pittaki,
Plataion,
Pleiados,
Plithonos,
Ploutonos,
Pnykos,
Pnytagora,
Poikilis,
Polemi,
Polemokratous,
Polemonos,
Polyviou,
Polygeni,
Polignotou,
Polygyrou,
Polydamantos,
Polydouri,
Polydorou,
Polizoidou,
Polykleitou,
Polykleous,
Polykratous,
Polyla,
Pontoirakleias,
Pontou,
Popliou,
Porinou,
Porioti,
Porou,
Portarias,
Poseidoniou,
Posidippou,
Potidaias,
Potli,
Poukevil,
Pouliou,
Poulcherias,
Praviou,
Praidou,
Pramanton,
Praxagorou,
Praxiou,
Praxitelous,
Prasnika,
Pratinou,
Prevezis,
Premetis,
Prespas,
Pretenteri,
Prigkhponnison,
Priinis,
Prinopoulou,
Proairesiou,
Provelengiou,
Prodikou,
Proklou,
Proknis,
Prokonisou,
Promachou,
Promitheos,
Prompona,
Pronoias,
Propontidos,
Propylaion,
Prousis,
Prousou,
Prytaneiou,
Protagorou,
Proteos,
Protogenous,
Protomachou,
Protopapadaki,
Pteleas,
Ptolemaidos,
Ptolemaion,
Ptoou,
Pygmalionos,
Pydnas,
Pythagora,
Pytheou,
Pythias,
Pythodorou,
Pythonos,
Pyladou,
Pylarou,
Pylou,
Pyrgotelous,
Pyrgou,
Pyrla,
Roumpou,
Pyrras,
Pyrrou,
Pyrsogiannis,
Pirsou,
Pyrronos,
Pogonianis,
Ragkava,
Ragkavi,
Radamanthios,
Radou,
Razikotzika,
Raidestou,
Ramnousion,
Ramfou,
Raptarchou,
Ratzieri,
Raftopoulou,
Rapsanis,
Reas,
Rethymnou,
Remoundou,
Renieri,
Porfyriou,
Rigillis,
Rigkal,
Rineias,
Rizari,
Rizou,
Rikaki,
Riou,
Rodopis,
Rodou,
Rozaki,
Rozarol,
Roikou,
Romvis,
Romper,
Rostan,
Rostoviou,
Roumelis,
Roumpesi,
Rysiou,
Roma,
Ros,
Savaginon,
Savvidou,
Satha,
Sakellaridi,
Salaminias,
Salaminos,
Salteli,
Salonon,
Samara,
Samarinas,
Samis,
Samothrakis,
Samou,
Sampsountos,
Santovitsis,
Saoumpert,
Sapfous,
Sarantapichou,
Chalepas,
Sarantaporou,
Saranti,
Sardeon,
Saripolou,
Sarpidonos,
Sarri,
Saronos,
Satovriandou,
Sachini,
Sachtouri,
Svaitser,
Svoronou,
Sevalie,
Sevasteias,
Sevastopoulou,
Sevastoupoleos,
Sevron,
Sekeri,
Sekoundou,
Sellasias,
Selefkou,
Selinountos,
Semelis,
Serafi,
Serinou,
Serifou,
Silyvrias,
Simantira,
Siteias,
Sifaka,
Siatistis,
Sivoron,
Sidirokastrou,
Sikelias,
Sikinou,
Silanionos,
Simopoulou,
Simonidou,
Sina,
Sinopis,
Sismani,
Sorovits,
Souidias,
Sifnou,
Sifogianni,
Skalidi,
Skalistiri,
Skamandrou,
Skaramagka,
Skiathou,
Skokou,
Skopa,
Skopetea,
Skouze,
Skouleniou,
Skoufa,
Skoufou,
Skra,
Skyrou,
Sliman,
Smolensky,
Smolika,
Solomou,
Solonos,
Souliou,
Soulioton,
Soumela,
Soufliou,
Sofianopoulou,
Sofianou,
Spathari,
Spercheiou,
Spetson,
Spefsippou,
Spiliadou,
Streit,
Strogkonof,
Spintharou,
Spon,
Sporadon,
Sporgilou,
Stageiron,
Stanchop,
Stadiou,
Staikou,
Stasinou,
Stentoros,
Stisichorou,
Stilponos,
Stouart,
Stournari,
Stravonos,
Strataion,
Stratigopouloy,
Stratonikis,
Stratoula,
Stratonos,
Strymonos,
Symmachidon,
Symfilioseos,
Sfakion,
Sfaktirias,
Sfittion,
Sfingos,
Scholeiou,
Sonierou,
Sosigenous,
Sosikleous,
Sosou,
Sostratou,
Sotiros,
Sofroniou,
Sofroniskou,
Tavoulari,
Tagiapiera,
Taichman,
Taki,
Tanaidos,
Tantalidou,
Tantalou,
Taxiarchon,
Tarella,
Tarsou,
Tataoulon,
Traimper,
Trichonidos,
Taygetou,
Tavridos,
Tegeas,
Telamonos,
Telesilis,
Telesiou,
Telestou,
Tellou,
Tempon,
Tenedou,
Terpandrou,
Tertipi,
Tertseti,
Terpsichoris,
Tetrapoleos,
Tefkrou,
Teo,
Tzavella,
Tzani,
Tzaferi,
Tzivanopoulou,
Tziraion,
Tzoumagias,
Tzortz,
Tilemachou,
Tilefanous,
Timenous,
Tinou,
Tireos,
Tithoreas,
Tithonou,
Timaiou,
Timanthous,
Timarchou,
Timodimou,
Timotheou,
Timokleous,
Timokreontos,
Timoleontos,
Timoxenou,
Timosthenous,
Timonos,
Tirynthos,
Tisikratous,
Titanon,
Tifyos,
Tmolou,
Tompazi,
Torva,
Tositsa,
Tourmer,
Tournavitou,
Tousa,
Tralleon,
Trapezountiou,
Trapezountos,
Travlantoni,
Trempesinas,
Triantafyllidi,
Trivoli,
Trivonianou,
Tringeta,
Tridima,
Trikalon,
Trikkis,
Trikorfon,
Tripodon,
Tripoleos,
Tripou,
Triptolemou,
Tritaias,
Tritonos,
Trifylias,
Troias,
Troizinos,
Tropaion,
Troupaki,
Trofoniou,
Trygonos,
Troon,
Tsagkaradas,
Tsagkari,
Tsagkarola,
Tsakalof,
Tsakasianou,
Tsaktani,
Tsamadou,
Tselepi,
Tsiafi,
Tsiklitira,
Tsiller,
Filippidou,
Tsimiski,
Tsopanakou,
Tsotakou,
Tsotiliou,
Tsouderou,
Tsounta,
Tyanon,
Tydeos,
Tymfristou,
Tyras,
Tyrnavou,
Tyrtaiou,
Tychis,
Yakinthou,
Yvriou,
Ydras,
Yllou,
Ymittou,
Ypatias,
Ypereidou,
Yperionos,
Ypsilantou,
Ypsikleous,
Ypsomatheion,
Filippotou,
Favierou,
Feakon,
Faidras,
Faidrou,
Faidonos,
Fainaretis,
Faistou,
Falaisias,
Falea,
Falirou,
Fanariou,
Fanarioton,
Farantaton,
Farkadonos,
Farsalon,
Faonos,
Feidiou,
Feidonos,
Ferekratous,
Ferekydou,
Firon,
Fthiotidos,
Filadelfeias,
Filadelfeos,
Filellinon,
Filiatron,
Filinou,
Filippon,
Filodameias,
Filodimou,
Filotheou,
Filomilas,
Filopappou,
Filopoimenous,
Filotimou,
Filotiou,
Filochorou,
Filonos,
Filota,
Fintiou,
Flangina,
Flessa,
Fliountos,
Flori,
Florinis,
Foinikis,
Folois,
Formionos,
Fragkopoulou,
Frantzi,
Fratti,
Frouda,
Frynichou,
Frynonos,
Fylis,
Fytali,
Fokaias,
Fokianou,
Fokylidou,
Foriel,
Fotakou,
Fotomara,
Chavriou,
Chaidariou,
Chairefontos,
Chaironeias,
Chali,
Chalkidonos,
Chalkidikis,
Orias,
Chalkidos,
Chalkomatadon,
Chamilton,
Chamosternas,
Chanion,
Chansen,
Chaouptman,
Charakos,
Charas,
Charvouri,
Charitos,
Charidimou,
Charissis,
Charitonidou,
Charmidou,
Chartergaton,
Charondou,
Chatzeri,
Chatziapostolou,
Chatzikosta,
Chatzimichali,
Chatzipetrou,
Chatzichristou,
Chatzopoulou,
Chatzopoulon,
Cheilonos,
Cheimarras,
Cheimarriotou,
Cheironos,
Chelmou,
Chelntraich,
Chersifronos,
Chersonos,
Chiliandariou,
Chill,
Chimairas,
Chionidou,
Chiou,
Chioti,
Chloridos,
Choida,
Chormovitou,
Chormopoulou,
Chortatzi,
Chofman,
Chremonidou,
Christidou,
Christianoupoleos,
Christokopidou,
Christopoulou,
Chrisanthakopoyloy,
Xrisafi,
Chrysiidos,
Chrysippou,
Chrysolora,
Chrysospiliotissis,
Chrysostomou,
Chrysoupoleos,
Chomatianou,
Choremi,
Psalida,
Psamathis,
Psaroudaki,
Psaron,
Psaonos,
Psiloreiti,
Psylla,
Psyttaleias,
Psychari,
Ogygou,
Okeanidon,
Olenou,
Omol,
Origenous,
Orionos,
Orkart,
Orologa,
Oromedontos,
Orou,
Oropou,
Otou,
Alketou,
Alkiviadou,
Alkimachou,
Alkippou,
Alkmeonos,
Alkyonias,
Almopias,
Alyos,
Alopekis,
Amaliados,
Amerikis,
Amisou,
Amoriou,
Ampelakion,
Amyklon,
Amfeias,
Gefyreon,
Amfipoleos,
Anavrytis,
Anagnostopoulou,
Anaximenous,
Anapafseos,
Andokidou,
Andritsainis,
Androsthenous,
Aniforiti,
Anthemiou,
Anoixeos,
Antinoros,
Antilochou,
Antiopis,
Antipatrou,
Antifanous,
Axioupoleos,
Vinkelman,
Vitonos,
Vlachava,
Vlachogianni,
Nektariou,
Vlychou,
Volanaki,
Volou,
Vonasera,
Vouthrotou,
Voulgari,
Voutsara,
Vratsanou,
Vrygou,
Vomou,
Galanou,
Galata,
Galvani,
Ganymidou,
Garefi,
Gastounis,
Geminou,
Geraistou,
Geraniou,
Gialourou,
Giannetaki,
Giatrakou,
Gkompino,
Ekataiou,
Ekfantidou,
Elikis,
Ellinikou,
Ellispontou,
Empedokleous,
Epakreon,
Epidamnou,
Epiktitou,
Epinikou,
Eptapyrgiou,
Erasistratou,
Eratyras,
Eressou,
Erechtheiou,
Erigonis,
Ermionis,
Ermonassis,
Erythron,
Erotokritou,
Eteokleous,
Evagriou,
Evvoias,
Evzonon,
Efthykratous,
Efkleidou,
Evmolpidon,
Efpatridon,
Evripou,
Evrymedontos,
Evrytanias,
Eftokiou,
Effimou,
Effroniou,
Efestion,
Zavira,
Zagorion,
Zairi,
Zakynthou,
Zaliki,
Zampeliou,
Ioanninon,
Kavalloti,
Kavafi,
Kadmou,
Kathimeias,
Kakavaki,
Kakourgodikeiou,
Kalamidos,
Kallergi,
Kallidromiou,
Kallimachou,
Kallisthenous,
Kalogera,
Kalomoiri,
Kalymnou,
Kamaterou,
Kaningos,
Kapaneos,
Kapnokoptiriou,
Karamitsa,
Karasoutsa,
Karea,
Karkisias,
Karori,
Karpenisiou,
Karterias,
Karystou,
Karyotaki,
Kasomouli,
Kassandras,
Kastellorizou,
Katakouzinou,
Katrivanou,
Kyprianou,
Ko,
Konstanta,
Kosti,
Lagoumitzi,
Lazaradon,
Lakedaimonos,
Lamachou,
Lampardi,
Lampovou,
Lamponos,
Laniti,
Laodikeias,
Larneos,
Laskaratou,
Pityountos,
Lassani,
Lavragka,
Leagrou,
Levadeias,
Legkran,
Lemesou,
Leonnatou,
Lepeniotou,
Lefkados,
Lefktron,
Lechovou,
Leosthenous,
Litous,
Livathous,
Lithakias,
Liopesi,
Logotheti,
Lomvardou,
Loudia,
Lygkeos,
Lykavittou,
Lykeiou,
Lymperopoulou,
Lysiou,
Mavili,
Bataria,
Beles,
Biglistas,
Bougioukli,
Bousgou,
Mykalis,
Myller,
Mylon,
Myrmidonon,
Mystakidou,
Mytilinis,
Nazianzou,
Naousis,
Navarinou,
Nafpliou,
Nearchou,
Nezer,
Neoptolemou,
Nestou,
Nefelis,
Niriidon,
Nigritis,
Nikandrou,
Nikitara,
Nikolakou,
Nikoloudi,
Nikomidous,
Niovis,
Nisirou,
Normanou,
Nouman,
Ntekart,
Ntourm,
Nymfaiou,
Xanthippou,
Xenagora,
Xenokleous,
Xenofanous,
Xiromerou,
Xidia,
Petmeza,
Petridou,
Pefkon,
Pigasou,
Piliou,
Pinelopis,
Pindarou,
Pittheos,
Plapouta,
Platonos,
Ploutarchou,
Plotinou,
Selefkeias,
Selley,
Sepolion,
Servion,
Serron,
Sistou,
Siganeou,
Sithonias,
Sikionos,
Simplikiou,
Sitakis,
Siokou,
Skalkota,
Skamvonidon,
Skopelou,
Skourtanioti,
Skylitsi,
Smyrnis,
Sorvolou,
Souida,
Soulie,
Soultani,
Sourmeli,
Sofokleous,
Spartis,
Spetsopoulas,
Spyridogianni,
Stathogianni,
Steirieon,
Stisikleous,
Ygeias,
Ylleon,
Ypatis,
Ypatrou,
Yrkanias,
Faethontos,
Faidriadon,
Fainou,
Fakiou,
Fanosthenous,
Farmaki,
Feias,
Feidippidou,
Feron,
Figaleias,
Filetairou,
Filippoupoleos,
Stenimachou,
Filolaou,
Filoxenou,
Filostratou,
Filyra,
Flammarion,
Flogaitou,
Foivou,
Folegandrou,
Fragkistas,
Frearion,
Frynis,
Fylasion,
Fyllidos,
Fokidos,
Fokou,
Foskolou,
Chaireti,
Chalepa,
Chalkis,
Chalkokondyli,
Chalkodontos,
Chaonias,
Araklovou,
Kokkou,
Farmakidou,
Aischinou,
Amfitryonos,
Evelpidon,
Pittakou,
Ravine,
Stavropoulou,
Stisilaou,
Stygnis,
Strepsiadou,
Striftompola,
Strofadon,
Stromnitsis,
Stylianidi,
Stymfalias,
Syinis,
Sykoutri,
Symis,
Synodinou,
Syrianou,
Syrou,
Syrrakou,
Sfakianaki,
Sozopoleos,
Sokratous,
Filippidi,
Psaromiligkou,
Kodrika,
Konstantinidou,
Syrakouson,
Esperidon,
Petroutsou,
Thyateiron,
Avydou,
Aggeletopoulou,
Voithitikos,
Georgoulia,
Eleftherias,
Marsya,
Raisis,
Satomis,
Vardousion,
Taxilou,
Chatzi,
Fokionos,
Laertou,
Goumenitsis,
Kallikleous,
Tilavgi,
Tsounta,
Dimofilou,
Santaroza,
Orfanou,
Frixou,
Assou,
Karytsi,
Silinou,
Antipa,
Aretha,
Iketta,
Stefanopoulou,
Chelidonos,
Ravine,
Zefxidos,
Xrimatistiriou,
Antigonis,
Diodorou,
Ydaspou,
Gazias,
Vonitsis,
Imion,
Ipeirou,
