"Athens",
"Mesologgi",
"Halkida",
"Karpenisi",
"Lamia",
"Amfissa",
"Tripoli",
"Patra",
"Pyrgos",
"Korinthos",
"Sparti",
"Kalamata",
"Zakynthos",
"Kerkyra",
"Argostoli",
"Leykada",
"Arta",
"Prebeza",
"Karditsa",
"Larissa",
"Bolos",
"Trikala",
"Grebena",
"Drama",
"Beroia",
"Thessaloniki",
"Kabala",
"Kastoria",
"Kilkis",
"Kozani",
"Edessa",
"Katerini",
"Serres",
"Florina",
"Polygyros",
"Aleksandroypoli",
"Ksanthi",
"Komotini",
"Rodos",
"Ermoypoli",
"Mytilini",
"Samos",
"Xios",
"Hrakleio",
"Rethimno",
"Hania",
"Ioannina",
"Hgoymenitsa",
"Leivadia",
"Nayplion",
