"name","phone","email"
"Heather Allen","1131543556","donec.non@yahoo.net"
"Tallulah Palmer","5806348481","id@hotmail.ca"
"Autumn Stevenson","8522121533","odio.a@hotmail.ca"
"Cathleen Woodard","3257840305","dignissim.pharetra@yahoo.edu"
"Jescie Black","7178364661","auctor.ullamcorper@google.net"
"Nicholas Harrison","7519014264","vulputate.dui@icloud.com"
"Arsenio Hatfield","6127431677","sollicitudin@yahoo.edu"
"Kirestin Barron","3867690807","mauris@aol.net"
"Griffith Hayden","1725441833","vel.quam@icloud.couk"
"Hasad Woodward","9976331445","eros@google.couk"
"Ulric Larson","6302839562","diam.dictum@outlook.com"
"Sopoline Workman","2821545857","at.velit@yahoo.edu"
"Imani Golden","4254398687","orci.lobortis@hotmail.org"
"Jermaine Cherry","8495819832","erat.neque@protonmail.ca"
"Stacey Thornton","8913601134","elit.erat@yahoo.org"
"Bryar Roman","6572021622","ac.urna.ut@yahoo.edu"
"Ifeoma Hayden","6717855474","dictum.sapien@google.couk"
"Kaitlin Chan","7384441756","condimentum.donec@icloud.org"
"Clio Bartlett","5025848816","neque.venenatis.lacus@hotmail.edu"
"Elijah Fuller","7764647724","nec@outlook.org"
"Dustin Buckner","2252756843","imperdiet.dictum.magna@google.com"
"Susan Elliott","7586865398","phasellus.libero@yahoo.couk"
"Linus Fitzgerald","8570202833","facilisis.magna@google.ca"
"Mona Wooten","3484786572","nullam.lobortis.quam@hotmail.ca"
"Asher Singleton","4073411455","integer.tincidunt.aliquam@hotmail.couk"
"Ishmael French","7690162663","nunc.ac@protonmail.net"
"Tucker Kirby","3014425221","semper@yahoo.org"
"Lani Chaney","5223959323","pede.cum@hotmail.org"
"Kaseem Hamilton","1242618571","vitae.risus.duis@yahoo.edu"
"Marshall Ayers","3854343697","id.nunc@protonmail.ca"
"Griffith Leblanc","6196076242","quam.vel.sapien@protonmail.net"
"Damon Rich","3788904687","velit.pellentesque@protonmail.couk"
"Samuel Dale","9667367710","nisl@icloud.org"
"Troy Jimenez","1777993348","ligula.nullam@hotmail.couk"
"Zelenia Kennedy","5363198574","lacus.nulla@google.couk"
"Hermione Duncan","5381549883","sed@protonmail.net"
"Dara Bradshaw","4912506759","semper.dui.lectus@google.net"
"Stephen Bryan","1639273134","tincidunt@hotmail.ca"
"Yoshio Brock","9617383732","euismod@yahoo.couk"
"Penelope Fitzpatrick","6368359849","molestie@hotmail.net"
"Yuli Hinton","8835642022","gravida.sagittis@protonmail.org"
"Sage Warren","3918354777","tellus@yahoo.org"
"Owen Nicholson","8738051732","nascetur.ridiculus@aol.ca"
"Quinlan Case","3645962272","euismod.mauris.eu@hotmail.org"
"Joan James","3854801586","vestibulum.mauris.magna@icloud.edu"
"Todd Davidson","5720258331","eu.dui.cum@aol.net"
"Xavier Ray","9724628974","ut.tincidunt@yahoo.com"
"Avram Mcdowell","2612084590","et.libero.proin@icloud.org"
"Ross Daugherty","3722471444","duis.elementum@hotmail.com"
"Peter Bishop","5171127872","luctus.ipsum.leo@protonmail.com"
"Gemma Black","4650581336","ac.urna.ut@outlook.com"
"Damian Dotson","3497642389","semper.et.lacinia@aol.com"
"Guinevere Lawson","3902383581","tempor.arcu.vestibulum@icloud.ca"
"Autumn Fitzpatrick","6048501349","curabitur.dictum.phasellus@outlook.ca"
"Craig Chan","5510924629","dui@outlook.couk"
"Sylvia Watkins","3383040822","bibendum.ullamcorper@yahoo.couk"
"Regan Figueroa","3326386641","eu.dui@google.ca"
"Brian Orr","2406555363","orci.ut.semper@google.net"
"James Mayo","4415336785","quis.arcu.vel@outlook.edu"
"Daria Snyder","7441616237","rhoncus.id@hotmail.couk"
"Angelica Torres","9082886226","phasellus.fermentum@aol.ca"
"Ulla Mcpherson","6657287373","maecenas.iaculis.aliquet@icloud.edu"
"Craig Torres","4026847615","morbi.metus@google.net"
"Carson Cannon","4757533502","elit@yahoo.net"
"Ashton Madden","5391301523","at.fringilla@icloud.edu"
"Barclay Harrington","5822338418","vulputate.eu@yahoo.edu"
"Alyssa Cox","3375522453","eu.odio@google.com"
"Dale Battle","4611924568","quam.a@protonmail.net"
"Grace Bailey","6485171150","feugiat.nec@outlook.ca"
"Emmanuel Ray","8993876046","etiam.ligula@outlook.com"
"Jade Blackwell","8522821874","tempor@outlook.edu"
"Ethan Velazquez","5246767366","vehicula.pellentesque@icloud.couk"
"Cruz Adams","7055857977","pellentesque.ultricies@google.ca"
"Nyssa Reese","3676873377","cursus@aol.ca"
"Cedric Bond","5435481498","nulla.cras@aol.edu"
"Ryan Pate","9425428930","pede.praesent@hotmail.edu"
"Carol Pace","7826824821","venenatis@google.edu"
"Trevor Woods","1315609484","ornare@outlook.couk"
"Wyatt Torres","2615362474","commodo@icloud.com"
"Belle Knowles","3281353266","molestie@outlook.com"
"Inez Taylor","3516868625","nulla@outlook.ca"
"Brendan Roth","8122838561","nunc.in.at@yahoo.ca"
"Stacey Sykes","8487832428","dignissim.magna@google.ca"
"Kyla Kennedy","4895253131","feugiat@hotmail.edu"
"August Calderon","6568752450","diam@protonmail.net"
"Mollie Wallace","2310681433","cras.eget@aol.com"
"Nerea Reese","2003468632","eu.eros.nam@aol.edu"
"Jena Vega","5818428448","et.eros@aol.edu"
"Kadeem Nixon","7173827594","urna.convallis@hotmail.com"
"Garrison Todd","2824837581","urna.suscipit@icloud.org"
"Norman Dyer","4355838144","erat.semper@yahoo.edu"
"Knox Wallace","6568704582","hymenaeos.mauris@outlook.org"
"Vance Nguyen","6741845343","arcu.vestibulum@google.couk"
"Derek Sherman","5875581235","quis.pede@hotmail.ca"
"Keaton Page","4057876560","dis.parturient.montes@aol.org"
"Calista Fox","1385862724","augue@icloud.com"
"Curran Morse","6123472181","pellentesque.habitant.morbi@aol.org"
"Jorden Stephenson","6703155361","diam.nunc@icloud.couk"
"Wesley Barr","5664622564","mauris@google.com"
"Gareth Pace","3824472542","eu.neque@protonmail.edu"
"Lucius Mcknight","7167714285","convallis.convallis@icloud.net"
"Cherokee Hudson","5214637428","sed.diam@google.couk"
"Bernard Case","7291216918","erat@aol.com"
"Sasha Tran","5089248352","metus.in@aol.net"
"Adria Blackburn","3762435757","cursus@protonmail.net"
"Ross Luna","2041873895","enim.nec.tempus@google.com"
"Victor Sheppard","7797059142","nascetur@icloud.ca"
"Reed Horton","5558421378","egestas.fusce.aliquet@protonmail.com"
"Ethan Horton","4575818183","dapibus.ligula@protonmail.edu"
"Berk Shelton","7587757574","fringilla.donec@hotmail.org"
"Minerva Hensley","3635151287","arcu.morbi@icloud.couk"
"Amity Ewing","6857702512","rutrum.non@hotmail.net"
"Jescie Phelps","6053592075","tempor.est@hotmail.couk"
"Hanae Gould","5381623187","mauris.vestibulum@aol.edu"
"Gillian Parker","6178470353","suspendisse.ac@outlook.ca"
"Dexter Vazquez","4574676523","hymenaeos.mauris.ut@google.com"
"Jena Miranda","8157252322","donec.dignissim@yahoo.couk"
"Anthony Christensen","4337531635","curabitur.dictum@google.ca"
"Serena Hammond","1470181276","proin.velit.sed@aol.ca"
"May Holmes","6773582525","metus@aol.couk"
"Sydnee Richardson","8431470637","at.lacus@aol.ca"
"Ariel Carson","8385416234","nunc.quis@outlook.couk"
"Zia Hooper","6416464378","erat.semper@yahoo.edu"
"Hedwig Clayton","6678168172","est.nunc.ullamcorper@google.org"
"Lillith Fitzgerald","5223659501","duis@google.edu"
"Martha Fry","2667384621","rutrum.lorem@aol.net"
"Brennan Daniel","5670855487","quam.curabitur@hotmail.org"
"Cassidy Massey","1685641816","rutrum@icloud.couk"
"Carter Hammond","2740788423","congue@google.couk"
"Macaulay Harper","6412165111","curae@outlook.ca"
"Dominic Leach","1143093245","at@google.net"
"Dale Beck","5324347629","amet.consectetuer@hotmail.ca"
"Joel Daugherty","4473253283","tincidunt.adipiscing@outlook.couk"
"Joy Baldwin","9177600960","et@aol.org"
"Kimberley Gallegos","5114192311","non@google.ca"
"Rudyard Thompson","6834305241","aliquet.odio@hotmail.com"
"Lane Fuentes","7111185631","sit.amet@icloud.com"
"Moses Bowen","6501601772","at.velit@protonmail.org"
"Ferdinand Spencer","4325883383","etiam@yahoo.org"
"Amal Jimenez","7008016300","accumsan@yahoo.net"
"Carlos Dorsey","5081325605","eget@google.edu"
"Roth Cunningham","1395651340","placerat.augue@protonmail.com"
"Odessa Cannon","8022464545","lacus.mauris@outlook.net"
"Gisela Crawford","1644873697","parturient@icloud.net"
"Quentin David","8893634609","neque.non@aol.couk"
"Mira Sandoval","8551526179","facilisi.sed.neque@protonmail.net"
"Aileen Hogan","6283334941","dolor.vitae.dolor@hotmail.ca"
"Hyatt Lane","4261585574","faucibus.morbi@aol.edu"
"Melyssa Collins","3281280666","aenean.massa.integer@hotmail.edu"
"Travis Becker","9263777934","vel.lectus@icloud.couk"
"Ria Eaton","3734195484","eleifend.nunc.risus@google.ca"
"Keane Hopkins","2371604544","proin.vel@outlook.org"
"Doris Mcintosh","7334484567","cursus@outlook.couk"
"Harlan Huber","2188224259","curabitur.consequat.lectus@aol.ca"
"Emmanuel Cabrera","6175518743","blandit.nam.nulla@outlook.com"
"Kimberly Dotson","3171840148","mauris.rhoncus@yahoo.org"
"Leroy Levine","1678552966","sed@protonmail.org"
"Delilah Scott","8286041237","vitae@hotmail.com"
"Christine Duffy","4524091481","ut@google.net"
"Chaim Horne","2682497914","aliquet.molestie@hotmail.couk"
"Jenette Wooten","8332480688","mauris.ut.quam@aol.net"
"Eagan Parks","3125126966","mi.lorem@google.org"
"Price Russell","2677937161","inceptos.hymenaeos@outlook.ca"
"Cassidy Goff","7485966290","etiam.gravida.molestie@hotmail.edu"
"John Mcintyre","5798810357","fermentum.arcu@yahoo.ca"
"Aladdin Ward","3510646620","accumsan.convallis@protonmail.couk"
"Malcolm Harrington","7881761772","erat.sed@icloud.couk"
"Gretchen Goff","7529184243","nisi.mauris@hotmail.edu"
"Myra Booker","4198866214","pede.ultrices@protonmail.org"
"Maisie Cardenas","4775533125","sapien.molestie@google.org"
"Charde Duffy","5588266518","enim.nunc.ut@outlook.ca"
"Sacha Hall","6782422930","ac.tellus@google.edu"
"Keelie Ballard","7511480445","dapibus@aol.com"
"Stuart Bell","9431196735","sollicitudin.a.malesuada@protonmail.ca"
"Indigo Graves","3238661218","blandit.mattis@hotmail.com"
"Kylan Harrison","5575409324","nunc.laoreet@icloud.edu"
"Leah Hurley","4824772402","congue.elit@google.com"
"Noble Simpson","5028318163","aliquam.rutrum.lorem@hotmail.couk"
"Tate Williamson","2826835030","et.tristique@aol.com"
"Ria Durham","3330997638","pede.nunc@icloud.org"
"Cedric Woodard","4369272647","pede.malesuada@yahoo.net"
"Garrison Watson","2091411176","massa@yahoo.com"
"Clarke Lyons","5435923061","libero.proin@aol.com"
"Rosalyn Lara","4587106761","integer.urna@google.org"
"Levi Santana","8382222908","enim@protonmail.net"
"Lucius Gregory","4334870351","magna.ut.tincidunt@google.couk"
"Bevis Bean","3296437735","ultrices.mauris@hotmail.com"
"Orla Guerrero","7668877664","luctus.et.ultrices@protonmail.ca"
"Alexandra Stafford","6835746802","aliquam.auctor@aol.edu"
"Steel Sloan","3642352341","cursus@google.ca"
"Hilary Lowe","8767687805","vivamus.euismod@aol.ca"
"Fletcher Shepard","8830532130","lectus.justo@yahoo.couk"
"Tyrone Cantrell","4853391318","magna.cras@hotmail.edu"
"Ciara Howell","4347230727","erat.vel.pede@hotmail.edu"
"Susan Lang","3831416330","dignissim@google.edu"
"Hoyt Nixon","8634873738","nec.tempus@google.ca"
"Faith Little","6320793152","nam@google.edu"
"Miriam Garner","2101261473","imperdiet@protonmail.net"
"Clark Arnold","2828135138","neque.vitae.semper@hotmail.ca"
"Lionel Daugherty","6816129238","ante.bibendum@aol.org"
"Ebony Alford","6831553657","eros.nam@yahoo.edu"
"Kaitlin Waller","4844865941","integer.vitae@aol.com"
"Catherine Raymond","3143415206","dis.parturient.montes@google.com"
"Whitney Eaton","3235816255","id.risus.quis@aol.ca"
"Rhona Fuller","4052054045","fringilla.cursus.purus@hotmail.net"
"John Langley","7846044763","suspendisse.ac@outlook.com"
"Catherine Dodson","8928556211","morbi.quis@protonmail.org"
"Nichole Morgan","4178885263","duis.elementum@icloud.edu"
"Slade Gibson","9226865344","vulputate.eu.odio@aol.org"
"Harding Bowers","8775420589","phasellus.ornare@aol.edu"
"Vanna Nicholson","2213912548","integer.id.magna@protonmail.net"
"Shaeleigh Langley","7852406486","ut.tincidunt@outlook.ca"
"Galvin Solis","8869981557","in.faucibus@google.edu"
"Vivien Roth","7924163885","libero.mauris@hotmail.couk"
"Hamish Floyd","7494736497","egestas.ligula.nullam@outlook.couk"
"Hayden Cole","4318959254","etiam@hotmail.com"
"Stephen Rosario","7623896266","integer.aliquam@hotmail.edu"
"Rowan Pearson","2942224273","sit.amet@hotmail.edu"
"Cora Avery","3035866733","nunc.mauris@icloud.net"
"Zahir Hopkins","8129123093","lorem.ipsum@hotmail.ca"
"Aiko Ruiz","7553823756","fusce.aliquam.enim@icloud.net"
"Simone Brady","5639481783","ut.lacus@aol.com"
"Clio Mays","2745238262","auctor.odio@outlook.net"
"Galena Walsh","3476382314","pretium.neque@icloud.ca"
"Suki Charles","1360155288","urna.ut.tincidunt@hotmail.couk"
"Orli Donovan","6762373674","donec.non@aol.edu"
"Dean Glover","3639787421","in.sodales@outlook.com"
"Ciaran Kramer","3621624871","risus@icloud.com"
"Rina Acevedo","3168511424","adipiscing@aol.ca"
"Sonia Franks","2462512728","molestie.in.tempus@icloud.couk"
"Carl Chan","3367734156","et.libero@hotmail.org"
"Cameron Weeks","4542077534","elit.sed@protonmail.edu"
"Keaton Dalton","3735651772","dignissim.maecenas@aol.com"
"Zephr James","3469799682","eget.nisi@protonmail.net"
"Faith Woodward","7714176185","lectus@outlook.ca"
"Amir Cruz","4507877577","mauris.blandit@outlook.ca"
"Mira Brewer","1416087596","risus.donec.egestas@protonmail.com"
"Petra Mckinney","6935552786","curabitur.vel@icloud.org"
"Kuame Hayes","1585702345","consectetuer.euismod.est@protonmail.ca"
"Ivor Hansen","7273517814","integer.vulputate@hotmail.org"
"Rhonda Mcbride","9158979842","conubia.nostra@yahoo.org"
"September Campos","1141323429","vivamus.sit@icloud.couk"
"Seth Cantrell","4772894826","mus.donec@icloud.ca"
"Emmanuel Bell","7408104847","mauris.molestie.pharetra@yahoo.net"
"Julian Sawyer","2416558133","enim.non@google.net"
"Phyllis Hess","6657221566","amet.dapibus@hotmail.couk"
"Cara Mccormick","4533642214","lacus@outlook.net"
"Amber Grant","6657461664","ante.dictum.mi@yahoo.org"
"Nora Garrison","1664352947","id.blandit.at@yahoo.couk"
"Uta Christensen","6374538263","parturient.montes@protonmail.edu"
"Ryder Luna","9668311567","ante.dictum@hotmail.couk"
"Simone Mosley","5635490585","vitae.semper@icloud.ca"
"Merritt Blankenship","7264896788","ridiculus.mus.proin@hotmail.com"
"Chava Burgess","4675343345","quis.accumsan.convallis@google.net"
"Maite Tillman","7889888779","mollis.nec@protonmail.org"
"Tiger Jackson","6365613592","aliquam.fringilla.cursus@icloud.com"
"Simone Jordan","8728189364","suspendisse.sed@yahoo.com"
"Rahim Guerrero","4445487514","pede.cum@yahoo.com"
"Wesley Velasquez","2544287613","aliquam.erat.volutpat@outlook.org"
"Sasha Strong","7435371525","egestas.aliquam@google.org"
"Lareina Haney","3886631275","eu.sem.pellentesque@yahoo.org"
"Amena Hopper","6781904872","pede@outlook.net"
"Yoshio Phelps","9536474839","curabitur.dictum@icloud.couk"
"Elvis Sullivan","7854508326","urna.convallis.erat@aol.net"
"Colin Noble","7943472369","dignissim.lacus@icloud.com"
"Jacob Garcia","5098188511","lectus.quis@yahoo.org"
"Curran Bauer","6235863043","vitae.posuere@outlook.net"
"Castor Payne","8451127566","venenatis.a@google.net"
"Ross Horne","5212266277","elementum@aol.com"
"Bianca Soto","6385684272","quis.diam@yahoo.ca"
"Brooke Carney","4214866566","donec@google.couk"
"Ruby Mckenzie","3977884635","auctor.ullamcorper.nisl@google.edu"
"Jasper Rojas","6175471101","faucibus.orci@hotmail.com"
"Warren William","7467771034","erat.neque@google.ca"
"Josiah Lamb","6317352412","leo.elementum@aol.net"
"Stone Wade","6306233241","magna.phasellus.dolor@hotmail.edu"
"Sigourney Booker","8534529469","mi.lacinia@outlook.edu"
"Cassidy Cummings","5697944434","vulputate.posuere.vulputate@icloud.com"
"Lana Moses","1266551818","adipiscing.ligula.aenean@protonmail.ca"
"Damon Austin","8256162609","fermentum@hotmail.com"
"Stella House","4882826474","dapibus@outlook.org"
"Hedda Carson","2625648845","erat@outlook.com"
"Jonah Jenkins","3361686811","a@protonmail.edu"
"Nora Mccormick","3273199786","dolor@aol.org"
"Silas Lloyd","2238138758","est.ac@outlook.com"
"Chastity Vargas","5843234919","arcu.vestibulum@outlook.net"
"Kermit Schultz","3011238977","suspendisse.sagittis.nullam@protonmail.ca"
"Tad Dunn","2076615244","nonummy.ac.feugiat@protonmail.net"
"Jasper Russo","4973122389","in.dolor.fusce@google.org"
"Quentin Brewer","1215448646","convallis.dolor@google.net"
"India Snider","9507972977","cras@protonmail.net"
"Lionel Dillon","1310691842","lobortis.nisi@aol.edu"
"Tatiana Hobbs","9133930560","sit@icloud.edu"
"Adam Strickland","9656061912","enim.mauris.quis@yahoo.net"
"Harding Wynn","4371874919","elementum.lorem@aol.org"
"Walter Russo","1234820247","eget.metus.eu@hotmail.couk"
"Reese Wilson","4343641054","purus.in@protonmail.org"
"Kieran Sandoval","3937883387","in.aliquet@yahoo.ca"
"Craig Woods","9644213537","ipsum@icloud.couk"
"Davis Lynn","7508366412","lacus.quisque.imperdiet@outlook.couk"
"Kibo Noel","7870506398","donec@protonmail.ca"
"Odysseus Harrell","8931181657","mi.lacinia@outlook.ca"
"Cyrus Mckenzie","6516063634","accumsan.convallis@hotmail.net"
"Thane Briggs","3743762935","felis.adipiscing@google.org"
"Vanna Lyons","6282650881","tincidunt@aol.couk"
"Geoffrey Graham","1696170192","sed.libero@yahoo.org"
"Hilda Lambert","6284511689","sapien.molestie@outlook.ca"
"Joan Rowe","5008711373","luctus.vulputate@google.org"
"Alvin Phelps","9921476053","pede@protonmail.net"
"Mason Hansen","7508050733","lorem.auctor@aol.edu"
"Rylee Luna","2851177178","orci@protonmail.edu"
"Zane Perkins","5235884743","dui.in@hotmail.ca"
"Burke Gordon","6213893881","enim.condimentum@protonmail.net"
"Hiroko Hunter","6584656137","lectus@protonmail.edu"
"Kylee Wolf","1247723912","est.ac.mattis@google.ca"
"Merritt Mercer","7418309282","gravida.molestie@google.net"
"Melissa Lowe","3916762903","enim.sed.nulla@hotmail.org"
"Rhona Savage","5318212223","aliquet@hotmail.org"
"Hilary Nguyen","8330126738","consequat.lectus.sit@icloud.ca"
"Clarke Robertson","4117526592","amet@outlook.edu"
"Martina Haley","6155543232","dapibus.ligula.aliquam@hotmail.couk"
"Gay Wolf","3272840934","suspendisse.non@google.net"
"Tyrone Holt","9186237368","nunc@aol.edu"
"Lucas Salas","3183143573","purus.maecenas@protonmail.ca"
"Kasper Dillard","6156107718","rutrum.urna.nec@google.net"
"Mira Gates","3136637376","proin.dolor.nulla@protonmail.com"
"Gavin Brooks","1556945695","et.netus@hotmail.ca"
"Aurelia Suarez","1634614860","convallis.ligula@hotmail.net"
"Chester Burris","6045556680","risus.at@aol.ca"
"Kieran Gates","2313248882","dolor.nonummy@aol.net"
"Nathaniel Saunders","7870148296","turpis.vitae@hotmail.edu"
"Aristotle Landry","3545226792","at.arcu.vestibulum@yahoo.couk"
"Arden Macdonald","2925552756","a.scelerisque@icloud.com"
"Doris Clements","9243524521","mauris.rhoncus@icloud.com"
"Illana Velez","9405774561","egestas@outlook.org"
"Ian Bryan","4717437715","auctor.nunc@google.org"
"Nadine Montoya","5668648887","quam.vel.sapien@hotmail.couk"
"Tanner Elliott","2323536435","eleifend@aol.edu"
"Griffith Alford","6767411816","placerat.orci@google.couk"
"Kameko Mckenzie","1276735221","vulputate@outlook.com"
"Hamilton Dickerson","2736571501","dui@hotmail.ca"
"Diana Jones","8256957455","etiam.bibendum.fermentum@yahoo.couk"
"Geraldine Carpenter","3536833582","facilisis.non@google.couk"
"Karina Holmes","9338720749","odio.tristique@protonmail.net"
"Cadman Moss","2316522674","quam.vel@hotmail.org"
"Rahim Duffy","8437269505","et.rutrum.eu@outlook.edu"
"Alfonso Bird","1649089674","mi.enim.condimentum@protonmail.net"
"Jack Townsend","7074916131","quisque.porttitor@aol.couk"
"Cyrus Underwood","3805365475","porttitor@hotmail.couk"
"Dominique Spears","3796132653","eu.accumsan.sed@protonmail.ca"
"Acton Bonner","3577323540","suspendisse.commodo@hotmail.com"
"Joel Randall","7355884434","luctus.ut@aol.com"
"Fredericka Huffman","8691645302","in@protonmail.edu"
"Prescott Stuart","5634833530","turpis.non.enim@protonmail.net"
"Melinda Jennings","5468045173","dignissim.tempor@google.com"
"Ursula Coffey","8559047681","aliquam.adipiscing@yahoo.couk"
"Isadora Stewart","3632187781","mauris.molestie@icloud.net"
"Brenden Howard","4636155717","ullamcorper.velit@aol.edu"
"Declan Russell","6507913753","dolor@outlook.net"
"Ezekiel Rodriguez","9462155716","maecenas@yahoo.edu"
"Caryn Barrett","8327806428","ligula@icloud.edu"
"Daryl Lawrence","7218351101","adipiscing@outlook.org"
"Neville Nunez","7491748184","ut.nisi@icloud.com"
"Kennedy Holt","4477255285","blandit.enim@aol.edu"
"Claudia Flowers","2013345496","mauris.id@yahoo.ca"
"Orli Stewart","2311121820","scelerisque.neque.nullam@yahoo.couk"
"Felicia Love","6377038124","fusce.fermentum@icloud.com"
"Rhiannon Good","4585817316","nam.porttitor@yahoo.couk"
"Naida Valdez","2778712518","diam.proin@yahoo.org"
"Carol Bonner","3826033516","rutrum.fusce.dolor@icloud.com"
"Bruno Burch","5748671468","velit.aliquam@google.net"
"Mufutau Marks","6816619394","fames.ac.turpis@hotmail.edu"
"Chiquita Giles","4567189047","turpis.egestas.fusce@google.net"
"Molly Dixon","2227483126","ligula.aliquam@hotmail.edu"
"Noelle Schroeder","9969338673","odio@yahoo.net"
"Chandler Hansen","5425221247","eget.ipsum.donec@aol.edu"
"Stuart Mcconnell","4910845255","tristique.ac@icloud.org"
"Jordan Kidd","8514796185","nec@aol.couk"
"Mollie Delgado","3372029189","velit.in.aliquet@aol.org"
"Jaquelyn Mcguire","7718487295","bibendum.donec.felis@outlook.couk"
"Melinda Baxter","7545251423","suspendisse.commodo@yahoo.com"
"Flynn Mayo","5796355413","mauris.suspendisse@protonmail.edu"
"Geraldine Hunter","4208204341","arcu@yahoo.edu"
"Jeremy Herring","9979864379","ipsum@google.edu"
"Elvis Ramirez","5743458226","quis@hotmail.net"
"Todd Walsh","8346411588","lobortis@google.couk"
"Ulla Salinas","7183786503","aliquam.adipiscing.lacus@protonmail.com"
"Brennan Hartman","3689604972","eu.tellus.phasellus@outlook.org"
"Jacob Little","8679429733","luctus.ipsum@protonmail.net"
"Nichole Hayden","6384125546","lectus@aol.edu"
"Juliet Frost","1668138110","vitae.velit.egestas@google.ca"
"Howard Barlow","7571619517","est.arcu@protonmail.edu"
"Cole Rivera","4741854515","tellus.eu@yahoo.ca"
"Holly Ortega","7672830581","arcu.et@google.org"
"Aphrodite Mueller","6422381327","vivamus@aol.net"
"George Kirkland","3016454893","mus.donec.dignissim@google.edu"
"Germane Madden","4362562351","metus.aenean@google.net"
"Steven Hunt","2284313420","diam.vel@icloud.com"
"Tara Valenzuela","2115143716","nec.urna@aol.net"
"Jasper Myers","5690464059","curabitur.egestas.nunc@google.edu"
"Dustin Langley","7387667288","dui@hotmail.ca"
"Brent Patton","1335426348","tristique.pellentesque@yahoo.com"
"Tyrone Rivers","4537404713","amet@aol.couk"
"Hunter Simon","2886684513","fringilla.mi@google.com"
"Tad Lewis","3681312516","nibh.lacinia@yahoo.ca"
"Shaeleigh Bass","9828876677","turpis@yahoo.ca"
"Holly Parks","2193128795","phasellus@hotmail.org"
"Amelia Shepherd","4823116988","nullam@protonmail.org"
"Gay Kim","5234376185","enim.condimentum.eget@google.net"
"Bert Henderson","9121488253","placerat.cras@hotmail.com"
"Christine Key","7356266075","sociis.natoque@google.com"
"Patricia Barrett","5715913674","arcu@outlook.couk"
"Ivana Tyler","5730801139","ante.ipsum.primis@yahoo.org"
"Hasad Goodwin","5557346878","consectetuer.mauris@hotmail.com"
"Asher Luna","9284893195","egestas.lacinia@yahoo.couk"
"Lyle Larsen","4645212354","fringilla.mi@aol.com"
"Lucas Howard","5269448530","nunc.quis.arcu@aol.edu"
"Jeremy Pierce","7818743136","a.scelerisque.sed@icloud.couk"
"Kareem Carpenter","8297468772","sed@outlook.net"
"Lucius Clay","8676718755","natoque@outlook.com"
"Alana Oneil","5378835036","a.dui@hotmail.org"
"Dalton Bird","4843127476","nisi.a.odio@google.com"
"Lucas Pate","2325635653","sit.amet.faucibus@yahoo.com"
"Lee Cash","4267827561","fermentum.fermentum.arcu@yahoo.couk"
"Gabriel Stein","9274376665","donec.nibh@icloud.net"
"Carol Suarez","8224888335","a@icloud.edu"
"Constance Lambert","2699814629","accumsan.neque@hotmail.couk"
"Cheryl Lamb","5392073264","nibh.sit@hotmail.ca"
"Kessie Coleman","1467927533","lacus@google.edu"
"Ferris George","2874628847","urna@icloud.ca"
"Dennis Buchanan","7537793221","luctus.sit@icloud.ca"
"Cassidy Love","1527799700","quis.accumsan@protonmail.net"
"Hoyt Cochran","2912564466","rhoncus@aol.org"
"Hop Mason","8585322432","ac@protonmail.org"
"Logan Morales","8317657328","ridiculus.mus.proin@hotmail.couk"
"Alisa Santos","6871651089","suspendisse.aliquet@hotmail.ca"
"Kasper Small","6220851989","quis@yahoo.couk"
"Patrick Moran","8081144653","sit.amet@hotmail.edu"
"Allegra Monroe","5527924306","nibh@icloud.couk"
"Halee Cain","7423347726","id.sapien@protonmail.com"
"Oleg Green","7250876899","neque@yahoo.net"
"Julie Aguirre","8698044424","aliquam.tincidunt.nunc@yahoo.edu"
"Philip Rasmussen","5179365448","eleifend.egestas.sed@protonmail.com"
"Melinda Wagner","1514963795","aliquam.eros@outlook.ca"
"Madeson Clark","6219193756","dolor.sit.amet@hotmail.net"
"Richard Mcintosh","1253324548","vitae.erat@hotmail.org"
"Griffin Nash","4561467843","lectus.justo.eu@outlook.org"
"Audrey Stanley","4721155079","maecenas@protonmail.edu"
"Stewart Workman","2057372463","justo.nec@aol.com"
"Cooper Guerra","1408898896","vehicula@protonmail.org"
"Lars Neal","4091228340","libero.integer@icloud.edu"
"Phyllis Hill","1265136748","diam.pellentesque@protonmail.edu"
"Lavinia Johnson","1954748229","amet.ante@hotmail.org"
"Eaton Flores","2256720686","nam.interdum@icloud.net"
"Shafira Ashley","4371459366","congue.elit@google.com"
"Merrill Acevedo","6283742721","sed.sapien@outlook.com"
"Jonas Anthony","5236606557","egestas@yahoo.couk"
"Ulric Franco","8767435852","tellus.imperdiet.non@aol.net"
"Arthur Pace","4345263210","non.justo.proin@google.ca"
"Kimberly Bowen","5416150627","egestas.aliquam.fringilla@yahoo.com"
"Edward Gross","5748336951","vestibulum.mauris@outlook.com"
"Abbot David","6959456633","donec@outlook.ca"
"Herman Morgan","7181361318","mi.eleifend.egestas@protonmail.org"
"Malik Hanson","3345755552","in.sodales.elit@protonmail.edu"
"Benedict Tate","1332288341","cursus@aol.org"
"Graham Massey","5405338497","felis.eget@outlook.net"
"Valentine Wolf","4027761417","velit@icloud.ca"
"Rhonda Albert","8613338741","vitae.orci@protonmail.org"
"Madeline Moore","7380252108","imperdiet.nec.leo@aol.org"
"Jaden Maxwell","9426221416","sed.dictum@yahoo.net"
"Yoshi Griffin","6424053568","justo@icloud.net"
"Jared Best","6727121211","enim.gravida.sit@hotmail.org"
"Jaime Terrell","2747522619","nec.tempus.scelerisque@google.org"
"Dillon Morin","1312975333","malesuada@google.net"
"Donovan Hyde","7183635887","nunc@outlook.com"
"Joel Young","2553617473","et.arcu.imperdiet@icloud.net"
"Cade Simmons","6866986736","non.enim.mauris@outlook.com"
"Clarke Guzman","2603311892","duis.dignissim@yahoo.org"
"Robert Dale","4365439184","vivamus@icloud.org"
"Victoria Hood","6613473101","at.sem.molestie@google.couk"
"Tanek Hunt","4752737065","arcu.eu.odio@icloud.org"
"Beau Lindsay","9105181766","amet.consectetuer@yahoo.net"
"Grady Carpenter","7237257524","arcu@aol.edu"
"Amal Michael","5924586653","ac@outlook.net"
"Susan Molina","2644421451","semper@icloud.couk"
"Mannix Davis","6484637777","mauris.blandit@aol.couk"
"Ifeoma Stafford","4525784537","in@icloud.edu"
"Quail Robertson","8163297728","magna@yahoo.edu"
"Ebony Gibbs","4926245212","dui.cum.sociis@yahoo.net"
"Rhonda Riggs","9483324144","augue.ac@protonmail.org"
"Philip Miles","6845251315","semper.erat.in@aol.com"
"Helen Alston","8256486995","nullam.lobortis@google.com"
"Hayley Abbott","6815072413","nulla.tincidunt@hotmail.net"
"Thaddeus Potter","2473891527","tristique@google.edu"
"Skyler Mason","3624491445","adipiscing.elit@protonmail.couk"
"Barclay Cherry","5808238702","quam.pellentesque@icloud.ca"
"Hedley Slater","1851163617","varius@aol.couk"
"Lane Pace","9128019722","mauris.blandit@yahoo.org"
"Alan Moreno","8207339853","a.nunc@hotmail.couk"
"Haviva Dixon","4794174455","quam@outlook.edu"
""